"sessionId","userId","behaviorPayload","completedAt","createdAt","isBot","mlScore","model","status","threshold"
"29ad4f3e-0170-4f15-ac41-46499c9056dc","9e922e0b-c742-419a-a79b-62aa528a2d3c","{""interaction"":{""M"":{""interaction_rate"":{""N"":""0.0005025820151040951""},""click_count"":{""N"":""2""},""focus_changes"":{""N"":""2""},""mouse_keyboard_ratio"":{""N"":""2""},""scroll_count"":{""N"":""0""}}},""mouse"":{""M"":{""mean_speed"":{""N"":""1.117220786614342""},""direction_changes"":{""N"":""1""},""speed_std"":{""N"":""1.1437448271691057""},""total_distance"":{""N"":""706.2520897229085""},""total_moves"":{""N"":""40""},""max_speed"":{""N"":""6.804513861645259""},""movement_entropy"":{""N"":""4.73092923937663""},""normalized_distance"":{""N"":""0.4137387754674332""},""pause_count"":{""N"":""0""}}},""keyboard"":{""M"":{""interval_std_ms"":{""N"":""182.92616935276146""},""backspace_ratio"":{""N"":""0""},""max_interval_ms"":{""N"":""727.3999999761581""},""mean_interval_ms"":{""N"":""268.58421052757063""},""paste_detected"":{""BOOL"":false},""total_keystrokes"":{""N"":""20""},""min_interval_ms"":{""N"":""111.89999997615814""}}},""environment"":{""M"":{""viewport_height"":{""N"":""917""},""device_pixel_ratio"":{""N"":""1.125""},""viewport_width"":{""N"":""1707""},""timezone_offset"":{""N"":""300""}}},""timing"":{""M"":{""session_duration_ms"":{""N"":""7958.899999976158""},""time_to_first_action_ms"":{""N"":""1304.8999999761581""},""idle_time_ratio"":{""N"":""0.6238047971412116""}}}}","1776910157761","1776910157754","false","0.021902257576584816","autoencoder","completed","0.23916950821876526"
"c573339e-b27e-4929-80e9-36ef3aa5b18f","9e922e0b-c742-419a-a79b-62aa528a2d3c","{""interaction"":{""M"":{""interaction_rate"":{""N"":""0.00038335065510289643""},""click_count"":{""N"":""5""},""focus_changes"":{""N"":""4""},""mouse_keyboard_ratio"":{""N"":""1.352112676056338""},""scroll_count"":{""N"":""0""}}},""mouse"":{""M"":{""mean_speed"":{""N"":""0.4859203819996906""},""direction_changes"":{""N"":""5""},""speed_std"":{""N"":""0.8234582038905676""},""total_distance"":{""N"":""774.4562391116114""},""total_moves"":{""N"":""96""},""max_speed"":{""N"":""6.092681851120986""},""movement_entropy"":{""N"":""5.357224979090106""},""normalized_distance"":{""N"":""0.4536943404285948""},""pause_count"":{""N"":""7""}}},""keyboard"":{""M"":{""interval_std_ms"":{""N"":""564.2609428195235""},""backspace_ratio"":{""N"":""0.38028169014084506""},""max_interval_ms"":{""N"":""4375.299999952316""},""mean_interval_ms"":{""N"":""303.54285714285714""},""paste_detected"":{""BOOL"":false},""total_keystrokes"":{""N"":""71""},""min_interval_ms"":{""N"":""29.899999976158142""}}},""environment"":{""M"":{""viewport_height"":{""N"":""917""},""device_pixel_ratio"":{""N"":""1.125""},""viewport_width"":{""N"":""1707""},""timezone_offset"":{""N"":""300""}}},""timing"":{""M"":{""session_duration_ms"":{""N"":""23477.200000047684""},""time_to_first_action_ms"":{""N"":""468""},""idle_time_ratio"":{""N"":""0.5927453018387782""}}}}","1776911870377","1776911870371","false","0.20195358991622925","autoencoder","completed","0.23916950821876526"
"c2194d8e-35d5-469c-a1fc-3a55ebb33f30","9e922e0b-c742-419a-a79b-62aa528a2d3c","{""interaction"":{""M"":{""interaction_rate"":{""N"":""0.0006427974545220801""},""click_count"":{""N"":""3""},""focus_changes"":{""N"":""2""},""mouse_keyboard_ratio"":{""N"":""3.4210526315789473""},""scroll_count"":{""N"":""0""}}},""mouse"":{""M"":{""mean_speed"":{""N"":""0.5850271164378779""},""direction_changes"":{""N"":""3""},""speed_std"":{""N"":""0.6017012821809715""},""total_distance"":{""N"":""610.6901670755902""},""total_moves"":{""N"":""65""},""max_speed"":{""N"":""2.263649903743509""},""movement_entropy"":{""N"":""5.299699860562762""},""normalized_distance"":{""N"":""0.3577563954748625""},""pause_count"":{""N"":""2""}}},""keyboard"":{""M"":{""interval_std_ms"":{""N"":""341.8102036887357""},""backspace_ratio"":{""N"":""0""},""max_interval_ms"":{""N"":""1640.1000000238419""},""mean_interval_ms"":{""N"":""248.37222221824857""},""paste_detected"":{""BOOL"":false},""total_keystrokes"":{""N"":""19""},""min_interval_ms"":{""N"":""72.59999990463257""}}},""environment"":{""M"":{""viewport_height"":{""N"":""917""},""device_pixel_ratio"":{""N"":""1.125""},""viewport_width"":{""N"":""1707""},""timezone_offset"":{""N"":""300""}}},""timing"":{""M"":{""session_duration_ms"":{""N"":""7778.5""},""time_to_first_action_ms"":{""N"":""757.5""},""idle_time_ratio"":{""N"":""0.4122002956960244""}}}}","1776910089569","1776910089561","false","0.02952904999256134","autoencoder","completed","0.23916950821876526"
"9b0f86ea-1ee9-44b4-b315-e52625da3ec8","9e922e0b-c742-419a-a79b-62aa528a2d3c","{""interaction"":{""M"":{""interaction_rate"":{""N"":""0.000644319518046526""},""click_count"":{""N"":""2""},""focus_changes"":{""N"":""2""},""mouse_keyboard_ratio"":{""N"":""1.95""},""scroll_count"":{""N"":""0""}}},""mouse"":{""M"":{""mean_speed"":{""N"":""0.7985655986140663""},""direction_changes"":{""N"":""1""},""speed_std"":{""N"":""0.7187621247841347""},""total_distance"":{""N"":""505.02259469852044""},""total_moves"":{""N"":""39""},""max_speed"":{""N"":""2.5288864103025417""},""movement_entropy"":{""N"":""4.665264442793844""},""normalized_distance"":{""N"":""0.2958538926177624""},""pause_count"":{""N"":""2""}}},""keyboard"":{""M"":{""interval_std_ms"":{""N"":""90.65802841337737""},""backspace_ratio"":{""N"":""0""},""max_interval_ms"":{""N"":""431.5""},""mean_interval_ms"":{""N"":""198.33684210400833""},""paste_detected"":{""BOOL"":false},""total_keystrokes"":{""N"":""20""},""min_interval_ms"":{""N"":""72.10000002384186""}}},""environment"":{""M"":{""viewport_height"":{""N"":""917""},""device_pixel_ratio"":{""N"":""1.125""},""viewport_width"":{""N"":""1707""},""timezone_offset"":{""N"":""300""}}},""timing"":{""M"":{""session_duration_ms"":{""N"":""6208.100000023842""},""time_to_first_action_ms"":{""N"":""356.2999999523163""},""idle_time_ratio"":{""N"":""0.3921006427148943""}}}}","1776912350031","1776912350025","false","0.01907096616923809","autoencoder","completed","0.23916950821876526"
"5f24b282-70a5-434f-8b78-e298e3459783","9e922e0b-c742-419a-a79b-62aa528a2d3c","{""interaction"":{""M"":{""interaction_rate"":{""N"":""0.0006366101781215954""},""click_count"":{""N"":""3""},""focus_changes"":{""N"":""2""},""mouse_keyboard_ratio"":{""N"":""2.3684210526315788""},""scroll_count"":{""N"":""0""}}},""mouse"":{""M"":{""mean_speed"":{""N"":""0.7980347148618357""},""direction_changes"":{""N"":""0""},""speed_std"":{""N"":""0.6918544958796287""},""total_distance"":{""N"":""567.3126472054714""},""total_moves"":{""N"":""45""},""max_speed"":{""N"":""2.8574084013985503""},""movement_entropy"":{""N"":""4.9054999650108915""},""normalized_distance"":{""N"":""0.3323448431197841""},""pause_count"":{""N"":""2""}}},""keyboard"":{""M"":{""interval_std_ms"":{""N"":""382.48394565797526""},""backspace_ratio"":{""N"":""0""},""max_interval_ms"":{""N"":""1836.8000000715256""},""mean_interval_ms"":{""N"":""275.52777777777777""},""paste_detected"":{""BOOL"":false},""total_keystrokes"":{""N"":""19""},""min_interval_ms"":{""N"":""104.19999992847443""}}},""environment"":{""M"":{""viewport_height"":{""N"":""917""},""device_pixel_ratio"":{""N"":""1.125""},""viewport_width"":{""N"":""1707""},""timezone_offset"":{""N"":""300""}}},""timing"":{""M"":{""session_duration_ms"":{""N"":""7854.100000023842""},""time_to_first_action_ms"":{""N"":""906.7000000476837""},""idle_time_ratio"":{""N"":""0.4587412943695996""}}}}","1776912234948","1776912234942","false","0.013572189025580883","autoencoder","completed","0.23916950821876526"
"ba1656e7-969f-40e2-8395-685aabc8050f","9e922e0b-c742-419a-a79b-62aa528a2d3c","{""interaction"":{""M"":{""interaction_rate"":{""N"":""0.0005952115232887561""},""click_count"":{""N"":""2""},""focus_changes"":{""N"":""2""},""mouse_keyboard_ratio"":{""N"":""1.95""},""scroll_count"":{""N"":""0""}}},""mouse"":{""M"":{""mean_speed"":{""N"":""1.197607020134359""},""direction_changes"":{""N"":""1""},""speed_std"":{""N"":""1.2978719594163932""},""total_distance"":{""N"":""752.6276941706533""},""total_moves"":{""N"":""39""},""max_speed"":{""N"":""5.514372538944925""},""movement_entropy"":{""N"":""4.531749409061551""},""normalized_distance"":{""N"":""0.44090667496816244""},""pause_count"":{""N"":""0""}}},""keyboard"":{""M"":{""interval_std_ms"":{""N"":""93.08190090198735""},""backspace_ratio"":{""N"":""0""},""max_interval_ms"":{""N"":""464.2000000476837""},""mean_interval_ms"":{""N"":""200.58421052757063""},""paste_detected"":{""BOOL"":false},""total_keystrokes"":{""N"":""20""},""min_interval_ms"":{""N"":""67.89999997615814""}}},""environment"":{""M"":{""viewport_height"":{""N"":""917""},""device_pixel_ratio"":{""N"":""1.125""},""viewport_width"":{""N"":""1707""},""timezone_offset"":{""N"":""300""}}},""timing"":{""M"":{""session_duration_ms"":{""N"":""6720.300000071526""},""time_to_first_action_ms"":{""N"":""1036.1000000238419""},""idle_time_ratio"":{""N"":""0.465009002551602""}}}}","1776912340430","1776912340423","false","0.01787133514881134","autoencoder","completed","0.23916950821876526"
"3a75e219-aa17-41dd-879b-131a63c43175","9e922e0b-c742-419a-a79b-62aa528a2d3c","{""interaction"":{""M"":{""interaction_rate"":{""N"":""0.0005748778384593274""},""click_count"":{""N"":""2""},""focus_changes"":{""N"":""2""},""mouse_keyboard_ratio"":{""N"":""1.8""},""scroll_count"":{""N"":""0""}}},""mouse"":{""M"":{""mean_speed"":{""N"":""1.443200264249317""},""direction_changes"":{""N"":""2""},""speed_std"":{""N"":""1.1421985167833177""},""total_distance"":{""N"":""826.0746699190072""},""total_moves"":{""N"":""36""},""max_speed"":{""N"":""5.665533736225""},""movement_entropy"":{""N"":""4.724159524403043""},""normalized_distance"":{""N"":""0.48393360862273416""},""pause_count"":{""N"":""0""}}},""keyboard"":{""M"":{""interval_std_ms"":{""N"":""112.63241489589619""},""backspace_ratio"":{""N"":""0""},""max_interval_ms"":{""N"":""496.6999999284744""},""mean_interval_ms"":{""N"":""241.67368420801665""},""paste_detected"":{""BOOL"":false},""total_keystrokes"":{""N"":""20""},""min_interval_ms"":{""N"":""103.70000004768372""}}},""environment"":{""M"":{""viewport_height"":{""N"":""917""},""device_pixel_ratio"":{""N"":""1.125""},""viewport_width"":{""N"":""1707""},""timezone_offset"":{""N"":""300""}}},""timing"":{""M"":{""session_duration_ms"":{""N"":""6958""},""time_to_first_action_ms"":{""N"":""888.7999999523163""},""idle_time_ratio"":{""N"":""0.4839609083035582""}}}}","1776909843597","1776909843591","false","0.026945525780320168","autoencoder","completed","0.23916950821876526"
"d1b506a8-3b15-469f-82ce-58fe4f6cdb31","9e922e0b-c742-419a-a79b-62aa528a2d3c","{""interaction"":{""M"":{""interaction_rate"":{""N"":""0.0006943239021003298""},""click_count"":{""N"":""4""},""focus_changes"":{""N"":""2""},""mouse_keyboard_ratio"":{""N"":""2.736842105263158""},""scroll_count"":{""N"":""0""}}},""mouse"":{""M"":{""mean_speed"":{""N"":""0.8513672885571455""},""direction_changes"":{""N"":""4""},""speed_std"":{""N"":""1.2010626084664486""},""total_distance"":{""N"":""695.0389242960881""},""total_moves"":{""N"":""52""},""max_speed"":{""N"":""5.41331216323942""},""movement_entropy"":{""N"":""4.588220095303931""},""normalized_distance"":{""N"":""0.4071698443445156""},""pause_count"":{""N"":""4""}}},""keyboard"":{""M"":{""interval_std_ms"":{""N"":""402.7725773221854""},""backspace_ratio"":{""N"":""0""},""max_interval_ms"":{""N"":""1855.8999999761581""},""mean_interval_ms"":{""N"":""321.7388888862398""},""paste_detected"":{""BOOL"":false},""total_keystrokes"":{""N"":""19""},""min_interval_ms"":{""N"":""72.20000004768372""}}},""environment"":{""M"":{""viewport_height"":{""N"":""917""},""device_pixel_ratio"":{""N"":""1.125""},""viewport_width"":{""N"":""1707""},""timezone_offset"":{""N"":""300""}}},""timing"":{""M"":{""session_duration_ms"":{""N"":""8641.5""},""time_to_first_action_ms"":{""N"":""606.5""},""idle_time_ratio"":{""N"":""0.4874153792882265""}}}}","1776912196667","1776912196658","false","0.0764431431889534","autoencoder","completed","0.23916950821876526"
"ce50d19e-17ca-4387-8436-3f308d3aa2e1","9e922e0b-c742-419a-a79b-62aa528a2d3c","{""interaction"":{""M"":{""interaction_rate"":{""N"":""0.0006293186995833931""},""click_count"":{""N"":""3""},""focus_changes"":{""N"":""2""},""mouse_keyboard_ratio"":{""N"":""2.789473684210526""},""scroll_count"":{""N"":""0""}}},""mouse"":{""M"":{""mean_speed"":{""N"":""0.3961747927399376""},""direction_changes"":{""N"":""1""},""speed_std"":{""N"":""0.5489984827420009""},""total_distance"":{""N"":""340.6444711785365""},""total_moves"":{""N"":""53""},""max_speed"":{""N"":""2.579719679137243""},""movement_entropy"":{""N"":""4.745560093671643""},""normalized_distance"":{""N"":""0.19955739377770151""},""pause_count"":{""N"":""4""}}},""keyboard"":{""M"":{""interval_std_ms"":{""N"":""440.5670049281238""},""backspace_ratio"":{""N"":""0""},""max_interval_ms"":{""N"":""2103.5""},""mean_interval_ms"":{""N"":""309.28333333465787""},""paste_detected"":{""BOOL"":false},""total_keystrokes"":{""N"":""19""},""min_interval_ms"":{""N"":""72.10000002384186""}}},""environment"":{""M"":{""viewport_height"":{""N"":""917""},""device_pixel_ratio"":{""N"":""1.125""},""viewport_width"":{""N"":""1707""},""timezone_offset"":{""N"":""300""}}},""timing"":{""M"":{""session_duration_ms"":{""N"":""7945.099999904633""},""time_to_first_action_ms"":{""N"":""377.6999999284744""},""idle_time_ratio"":{""N"":""0.44374520143823887""}}}}","1776909774447","1776909774440","false","0.04680938646197319","autoencoder","completed","0.23916950821876526"
"59bf12c2-ece7-4858-abef-ad93d455e72b","9e922e0b-c742-419a-a79b-62aa528a2d3c","{""interaction"":{""M"":{""interaction_rate"":{""N"":""0.0006120231956858141""},""click_count"":{""N"":""2""},""focus_changes"":{""N"":""2""},""mouse_keyboard_ratio"":{""N"":""0.75""},""scroll_count"":{""N"":""0""}}},""mouse"":{""M"":{""mean_speed"":{""N"":""1.1713989935220535""},""direction_changes"":{""N"":""0""},""speed_std"":{""N"":""0.5705897247140848""},""total_distance"":{""N"":""271.4146938424564""},""total_moves"":{""N"":""15""},""max_speed"":{""N"":""1.9952403780595274""},""movement_entropy"":{""N"":""3.562986346045799""},""normalized_distance"":{""N"":""0.1590009922920073""},""pause_count"":{""N"":""1""}}},""keyboard"":{""M"":{""interval_std_ms"":{""N"":""120.15928026800113""},""backspace_ratio"":{""N"":""0""},""max_interval_ms"":{""N"":""504.10000002384186""},""mean_interval_ms"":{""N"":""234.90000000125482""},""paste_detected"":{""BOOL"":false},""total_keystrokes"":{""N"":""20""},""min_interval_ms"":{""N"":""79.89999997615814""}}},""environment"":{""M"":{""viewport_height"":{""N"":""917""},""device_pixel_ratio"":{""N"":""1.125""},""viewport_width"":{""N"":""1707""},""timezone_offset"":{""N"":""300""}}},""timing"":{""M"":{""session_duration_ms"":{""N"":""6535.699999928474""},""time_to_first_action_ms"":{""N"":""422.6999999284744""},""idle_time_ratio"":{""N"":""0.5179552305162004""}}}}","1776912642132","1776912642123","false","0.018396565690636635","autoencoder","completed","0.23916950821876526"
"131dda82-ed3f-4dc8-8f76-dec13ca06138","9e922e0b-c742-419a-a79b-62aa528a2d3c","{""interaction"":{""M"":{""interaction_rate"":{""N"":""0.0006090504902856446""},""click_count"":{""N"":""3""},""focus_changes"":{""N"":""2""},""mouse_keyboard_ratio"":{""N"":""2.6842105263157894""},""scroll_count"":{""N"":""0""}}},""mouse"":{""M"":{""mean_speed"":{""N"":""0.6965765727119738""},""direction_changes"":{""N"":""0""},""speed_std"":{""N"":""0.7609402036094322""},""total_distance"":{""N"":""573.840902388463""},""total_moves"":{""N"":""51""},""max_speed"":{""N"":""2.8453377230086163""},""movement_entropy"":{""N"":""4.842391568110982""},""normalized_distance"":{""N"":""0.33616924568744166""},""pause_count"":{""N"":""2""}}},""keyboard"":{""M"":{""interval_std_ms"":{""N"":""401.0989964668663""},""backspace_ratio"":{""N"":""0""},""max_interval_ms"":{""N"":""1680.2999999523163""},""mean_interval_ms"":{""N"":""304.40555555290643""},""paste_detected"":{""BOOL"":false},""total_keystrokes"":{""N"":""19""},""min_interval_ms"":{""N"":""63.59999990463257""}}},""environment"":{""M"":{""viewport_height"":{""N"":""917""},""device_pixel_ratio"":{""N"":""1.125""},""viewport_width"":{""N"":""1707""},""timezone_offset"":{""N"":""300""}}},""timing"":{""M"":{""session_duration_ms"":{""N"":""8209.5""},""time_to_first_action_ms"":{""N"":""488.2000000476837""},""idle_time_ratio"":{""N"":""0.5410926365679557""}}}}","1776912222836","1776912222830","false","0.012840582989156246","autoencoder","completed","0.23916950821876526"
"1c4d1413-bdcf-4a22-b769-945e01b923b2","9e922e0b-c742-419a-a79b-62aa528a2d3c","{""interaction"":{""M"":{""interaction_rate"":{""N"":""0.00033439783310337454""},""click_count"":{""N"":""2""},""focus_changes"":{""N"":""2""},""mouse_keyboard_ratio"":{""N"":""1.0731707317073171""},""scroll_count"":{""N"":""0""}}},""mouse"":{""M"":{""mean_speed"":{""N"":""1.0454957063861225""},""direction_changes"":{""N"":""0""},""speed_std"":{""N"":""0.5710480352778""},""total_distance"":{""N"":""777.7902880853713""},""total_moves"":{""N"":""44""},""max_speed"":{""N"":""2.1796736133214165""},""movement_entropy"":{""N"":""5.157371787987265""},""normalized_distance"":{""N"":""0.45564750327203946""},""pause_count"":{""N"":""0""}}},""keyboard"":{""M"":{""interval_std_ms"":{""N"":""196.65268470682636""},""backspace_ratio"":{""N"":""0.3170731707317073""},""max_interval_ms"":{""N"":""741""},""mean_interval_ms"":{""N"":""226.39000000059605""},""paste_detected"":{""BOOL"":false},""total_keystrokes"":{""N"":""41""},""min_interval_ms"":{""N"":""30.799999952316284""}}},""environment"":{""M"":{""viewport_height"":{""N"":""917""},""device_pixel_ratio"":{""N"":""1.125""},""viewport_width"":{""N"":""1707""},""timezone_offset"":{""N"":""300""}}},""timing"":{""M"":{""session_duration_ms"":{""N"":""11961.799999952316""},""time_to_first_action_ms"":{""N"":""1148.2000000476837""},""idle_time_ratio"":{""N"":""0.6404387299555966""}}}}","1776910946179","1776910946170","false","0.037456367164850235","autoencoder","completed","0.23916950821876526"
"b8f37708-a439-4623-a311-2e544745ef10","9e922e0b-c742-419a-a79b-62aa528a2d3c","{""interaction"":{""M"":{""interaction_rate"":{""N"":""0.00047999040019199615""},""click_count"":{""N"":""2""},""focus_changes"":{""N"":""2""},""mouse_keyboard_ratio"":{""N"":""2.9""},""scroll_count"":{""N"":""0""}}},""mouse"":{""M"":{""mean_speed"":{""N"":""0.7593567973805058""},""direction_changes"":{""N"":""0""},""speed_std"":{""N"":""0.767890762436939""},""total_distance"":{""N"":""718.2441484393725""},""total_moves"":{""N"":""58""},""max_speed"":{""N"":""3.7246279031575957""},""movement_entropy"":{""N"":""5.207389050907235""},""normalized_distance"":{""N"":""0.4207640002573945""},""pause_count"":{""N"":""2""}}},""keyboard"":{""M"":{""interval_std_ms"":{""N"":""237.9063908450981""},""backspace_ratio"":{""N"":""0""},""max_interval_ms"":{""N"":""1111.5""},""mean_interval_ms"":{""N"":""292.6842105263158""},""paste_detected"":{""BOOL"":false},""total_keystrokes"":{""N"":""20""},""min_interval_ms"":{""N"":""40""}}},""environment"":{""M"":{""viewport_height"":{""N"":""917""},""device_pixel_ratio"":{""N"":""1.125""},""viewport_width"":{""N"":""1707""},""timezone_offset"":{""N"":""300""}}},""timing"":{""M"":{""session_duration_ms"":{""N"":""8333.5""},""time_to_first_action_ms"":{""N"":""1173.8999999761581""},""idle_time_ratio"":{""N"":""0.590880182399213""}}}}","1776911781284","1776911781276","false","0.010816690512001514","autoencoder","completed","0.23916950821876526"
"459c2c19-ab28-41a0-a974-10a05a999659","9e922e0b-c742-419a-a79b-62aa528a2d3c","{""interaction"":{""M"":{""interaction_rate"":{""N"":""0.0004985044865403788""},""click_count"":{""N"":""2""},""focus_changes"":{""N"":""2""},""mouse_keyboard_ratio"":{""N"":""1.5238095238095237""},""scroll_count"":{""N"":""0""}}},""mouse"":{""M"":{""mean_speed"":{""N"":""1.0873248405929201""},""direction_changes"":{""N"":""0""},""speed_std"":{""N"":""1.3956694428859246""},""total_distance"":{""N"":""566.0202813277024""},""total_moves"":{""N"":""32""},""max_speed"":{""N"":""5.854250616011152""},""movement_entropy"":{""N"":""3.9571584501267965""},""normalized_distance"":{""N"":""0.3315877453589352""},""pause_count"":{""N"":""1""}}},""keyboard"":{""M"":{""interval_std_ms"":{""N"":""181.6335141686148""},""backspace_ratio"":{""N"":""0""},""max_interval_ms"":{""N"":""791.6999999284744""},""mean_interval_ms"":{""N"":""261.55500000119207""},""paste_detected"":{""BOOL"":false},""total_keystrokes"":{""N"":""21""},""min_interval_ms"":{""N"":""103.80000007152557""}}},""environment"":{""M"":{""viewport_height"":{""N"":""917""},""device_pixel_ratio"":{""N"":""1.125""},""viewport_width"":{""N"":""1707""},""timezone_offset"":{""N"":""300""}}},""timing"":{""M"":{""session_duration_ms"":{""N"":""8024""},""time_to_first_action_ms"":{""N"":""833.6999999284744""},""idle_time_ratio"":{""N"":""0.5827642073659811""}}}}","1776912508702","1776912508695","false","0.012408345006406307","autoencoder","completed","0.23916950821876526"
"72789bb5-44ca-41a9-8365-63d86d0c0bb0","9e922e0b-c742-419a-a79b-62aa528a2d3c","{""interaction"":{""M"":{""interaction_rate"":{""N"":""0.0007004959511380821""},""click_count"":{""N"":""3""},""focus_changes"":{""N"":""2""},""mouse_keyboard_ratio"":{""N"":""3.6315789473684212""},""scroll_count"":{""N"":""0""}}},""mouse"":{""M"":{""mean_speed"":{""N"":""0.9922555157114218""},""direction_changes"":{""N"":""3""},""speed_std"":{""N"":""1.2583492783222008""},""total_distance"":{""N"":""1120.2141322762998""},""total_moves"":{""N"":""69""},""max_speed"":{""N"":""5.900540130313687""},""movement_entropy"":{""N"":""5.1517659433146425""},""normalized_distance"":{""N"":""0.6562472948308727""},""pause_count"":{""N"":""2""}}},""keyboard"":{""M"":{""interval_std_ms"":{""N"":""471.8060530005097""},""backspace_ratio"":{""N"":""0""},""max_interval_ms"":{""N"":""2199.7000000476837""},""mean_interval_ms"":{""N"":""274.19444444444446""},""paste_detected"":{""BOOL"":false},""total_keystrokes"":{""N"":""19""},""min_interval_ms"":{""N"":""39.60000002384186""}}},""environment"":{""M"":{""viewport_height"":{""N"":""917""},""device_pixel_ratio"":{""N"":""1.125""},""viewport_width"":{""N"":""1707""},""timezone_offset"":{""N"":""300""}}},""timing"":{""M"":{""session_duration_ms"":{""N"":""7137.799999952316""},""time_to_first_action_ms"":{""N"":""354.89999997615814""},""idle_time_ratio"":{""N"":""0.4172574182649306""}}}}","1776912315430","1776912315424","false","0.029024368152022362","autoencoder","completed","0.23916950821876526"
"150d9ece-6c65-4eec-b1b0-696b87807a53","9e922e0b-c742-419a-a79b-62aa528a2d3c","{""interaction"":{""M"":{""interaction_rate"":{""N"":""0.0007118045669284376""},""click_count"":{""N"":""3""},""focus_changes"":{""N"":""2""},""mouse_keyboard_ratio"":{""N"":""2.8421052631578947""},""scroll_count"":{""N"":""0""}}},""mouse"":{""M"":{""mean_speed"":{""N"":""1.0355715878462357""},""direction_changes"":{""N"":""3""},""speed_std"":{""N"":""1.2169274840106832""},""total_distance"":{""N"":""918.0080370814056""},""total_moves"":{""N"":""54""},""max_speed"":{""N"":""4.235019080144086""},""movement_entropy"":{""N"":""4.893956922820355""},""normalized_distance"":{""N"":""0.5377902970599916""},""pause_count"":{""N"":""2""}}},""keyboard"":{""M"":{""interval_std_ms"":{""N"":""373.82342061092595""},""backspace_ratio"":{""N"":""0""},""max_interval_ms"":{""N"":""1783.8000000715256""},""mean_interval_ms"":{""N"":""259.52777777777777""},""paste_detected"":{""BOOL"":false},""total_keystrokes"":{""N"":""19""},""min_interval_ms"":{""N"":""47.89999997615814""}}},""environment"":{""M"":{""viewport_height"":{""N"":""917""},""device_pixel_ratio"":{""N"":""1.125""},""viewport_width"":{""N"":""1707""},""timezone_offset"":{""N"":""300""}}},""timing"":{""M"":{""session_duration_ms"":{""N"":""7024.400000095367""},""time_to_first_action_ms"":{""N"":""308.8000000715256""},""idle_time_ratio"":{""N"":""0.42114629007906185""}}}}","1776912446579","1776912446572","false","0.028316689655184746","autoencoder","completed","0.23916950821876526"
"a47e1124-2f84-4c55-a9d1-f77b55275e12","9e922e0b-c742-419a-a79b-62aa528a2d3c","{""interaction"":{""M"":{""interaction_rate"":{""N"":""0.0005305602716435034""},""click_count"":{""N"":""2""},""focus_changes"":{""N"":""2""},""mouse_keyboard_ratio"":{""N"":""1.85""},""scroll_count"":{""N"":""0""}}},""mouse"":{""M"":{""mean_speed"":{""N"":""0.9941183977081839""},""direction_changes"":{""N"":""0""},""speed_std"":{""N"":""0.8214865129209808""},""total_distance"":{""N"":""573.5995168849394""},""total_moves"":{""N"":""37""},""max_speed"":{""N"":""3.0485737134238744""},""movement_entropy"":{""N"":""4.670809063485579""},""normalized_distance"":{""N"":""0.3360278364879551""},""pause_count"":{""N"":""0""}}},""keyboard"":{""M"":{""interval_std_ms"":{""N"":""138.7371853434314""},""backspace_ratio"":{""N"":""0""},""max_interval_ms"":{""N"":""560.2000000476837""},""mean_interval_ms"":{""N"":""266.0842105212964""},""paste_detected"":{""BOOL"":false},""total_keystrokes"":{""N"":""20""},""min_interval_ms"":{""N"":""88.59999990463257""}}},""environment"":{""M"":{""viewport_height"":{""N"":""917""},""device_pixel_ratio"":{""N"":""1.125""},""viewport_width"":{""N"":""1707""},""timezone_offset"":{""N"":""300""}}},""timing"":{""M"":{""session_duration_ms"":{""N"":""7539.200000047684""},""time_to_first_action_ms"":{""N"":""927.8999999761581""},""idle_time_ratio"":{""N"":""0.6072792869358036""}}}}","1776909832465","1776909832456","false","0.020518546923995018","autoencoder","completed","0.23916950821876526"
"35454316-84b9-43f4-8225-02b8a2867053","9e922e0b-c742-419a-a79b-62aa528a2d3c","{""interaction"":{""M"":{""interaction_rate"":{""N"":""0.0006083557664500153""},""click_count"":{""N"":""2""},""focus_changes"":{""N"":""2""},""mouse_keyboard_ratio"":{""N"":""1.95""},""scroll_count"":{""N"":""0""}}},""mouse"":{""M"":{""mean_speed"":{""N"":""0.8675690952144268""},""direction_changes"":{""N"":""0""},""speed_std"":{""N"":""0.8714443385646327""},""total_distance"":{""N"":""519.5914904132719""},""total_moves"":{""N"":""39""},""max_speed"":{""N"":""3.844012913638405""},""movement_entropy"":{""N"":""4.616433805645885""},""normalized_distance"":{""N"":""0.3043886879984018""},""pause_count"":{""N"":""2""}}},""keyboard"":{""M"":{""interval_std_ms"":{""N"":""137.39147778714093""},""backspace_ratio"":{""N"":""0""},""max_interval_ms"":{""N"":""688.1999999284744""},""mean_interval_ms"":{""N"":""206.71578946866487""},""paste_detected"":{""BOOL"":false},""total_keystrokes"":{""N"":""20""},""min_interval_ms"":{""N"":""55.700000047683716""}}},""environment"":{""M"":{""viewport_height"":{""N"":""917""},""device_pixel_ratio"":{""N"":""1.125""},""viewport_width"":{""N"":""1707""},""timezone_offset"":{""N"":""300""}}},""timing"":{""M"":{""session_duration_ms"":{""N"":""6575.100000023842""},""time_to_first_action_ms"":{""N"":""422.60000002384186""},""idle_time_ratio"":{""N"":""0.42277683988718595""}}}}","1776912457713","1776912457707","false","0.018519563600420952","autoencoder","completed","0.23916950821876526"
"7827c6fd-987d-43bf-ad7f-0af81d6c51a3","9e922e0b-c742-419a-a79b-62aa528a2d3c","{""interaction"":{""M"":{""interaction_rate"":{""N"":""0.0003969435347821772""},""click_count"":{""N"":""4""},""focus_changes"":{""N"":""2""},""mouse_keyboard_ratio"":{""N"":""4.157894736842105""},""scroll_count"":{""N"":""0""}}},""mouse"":{""M"":{""mean_speed"":{""N"":""0.9171680990778166""},""direction_changes"":{""N"":""2""},""speed_std"":{""N"":""1.4573344417614242""},""total_distance"":{""N"":""1179.1667809276971""},""total_moves"":{""N"":""79""},""max_speed"":{""N"":""8.07793351221223""},""movement_entropy"":{""N"":""5.07978092283224""},""normalized_distance"":{""N"":""0.6907831171222596""},""pause_count"":{""N"":""3""}}},""keyboard"":{""M"":{""interval_std_ms"":{""N"":""656.877775911066""},""backspace_ratio"":{""N"":""0""},""max_interval_ms"":{""N"":""2752.100000023842""},""mean_interval_ms"":{""N"":""505.34444444709357""},""paste_detected"":{""BOOL"":false},""total_keystrokes"":{""N"":""19""},""min_interval_ms"":{""N"":""64.09999990463257""}}},""environment"":{""M"":{""viewport_height"":{""N"":""917""},""device_pixel_ratio"":{""N"":""1.125""},""viewport_width"":{""N"":""1707""},""timezone_offset"":{""N"":""300""}}},""timing"":{""M"":{""session_duration_ms"":{""N"":""15115.5""},""time_to_first_action_ms"":{""N"":""604.1999999284744""},""idle_time_ratio"":{""N"":""0.7518375177702986""}}}}","1776910003514","1776910003507","false","0.03594155237078667","autoencoder","completed","0.23916950821876526"
"3fea2f23-059c-4925-b1af-b4d226d32075","9e922e0b-c742-419a-a79b-62aa528a2d3c","{""interaction"":{""M"":{""interaction_rate"":{""N"":""0.0004580012824023404""},""click_count"":{""N"":""2""},""focus_changes"":{""N"":""2""},""mouse_keyboard_ratio"":{""N"":""1.6""},""scroll_count"":{""N"":""0""}}},""mouse"":{""M"":{""mean_speed"":{""N"":""0.9254592531405232""},""direction_changes"":{""N"":""2""},""speed_std"":{""N"":""1.3812163525835672""},""total_distance"":{""N"":""490.19854150670926""},""total_moves"":{""N"":""32""},""max_speed"":{""N"":""4.613057757007392""},""movement_entropy"":{""N"":""3.721613073742241""},""normalized_distance"":{""N"":""0.2871696200976621""},""pause_count"":{""N"":""1""}}},""keyboard"":{""M"":{""interval_std_ms"":{""N"":""238.33441320793912""},""backspace_ratio"":{""N"":""0""},""max_interval_ms"":{""N"":""1200""},""mean_interval_ms"":{""N"":""247.1105263170443""},""paste_detected"":{""BOOL"":false},""total_keystrokes"":{""N"":""20""},""min_interval_ms"":{""N"":""80.10000002384186""}}},""environment"":{""M"":{""viewport_height"":{""N"":""917""},""device_pixel_ratio"":{""N"":""1.125""},""viewport_width"":{""N"":""1707""},""timezone_offset"":{""N"":""300""}}},""timing"":{""M"":{""session_duration_ms"":{""N"":""8733.600000023842""},""time_to_first_action_ms"":{""N"":""1924.7999999523163""},""idle_time_ratio"":{""N"":""0.5925506091155189""}}}}","1776909856199","1776909856192","false","0.029671208932995796","autoencoder","completed","0.23916950821876526"
"654d45c4-f00b-49f8-9697-701ba868c0eb","9e922e0b-c742-419a-a79b-62aa528a2d3c","{""interaction"":{""M"":{""interaction_rate"":{""N"":""0.0005126890540886952""},""click_count"":{""N"":""2""},""focus_changes"":{""N"":""2""},""mouse_keyboard_ratio"":{""N"":""2.2""},""scroll_count"":{""N"":""0""}}},""mouse"":{""M"":{""mean_speed"":{""N"":""0.6993985574843886""},""direction_changes"":{""N"":""6""},""speed_std"":{""N"":""0.7231979244041524""},""total_distance"":{""N"":""454.1295988537946""},""total_moves"":{""N"":""44""},""max_speed"":{""N"":""3.333332538604926""},""movement_entropy"":{""N"":""4.7165950248237""},""normalized_distance"":{""N"":""0.26603960096883106""},""pause_count"":{""N"":""1""}}},""keyboard"":{""M"":{""interval_std_ms"":{""N"":""183.93666379806535""},""backspace_ratio"":{""N"":""0""},""max_interval_ms"":{""N"":""855.7000000476837""},""mean_interval_ms"":{""N"":""252.60526315789474""},""paste_detected"":{""BOOL"":false},""total_keystrokes"":{""N"":""20""},""min_interval_ms"":{""N"":""76.10000002384186""}}},""environment"":{""M"":{""viewport_height"":{""N"":""917""},""device_pixel_ratio"":{""N"":""1.125""},""viewport_width"":{""N"":""1707""},""timezone_offset"":{""N"":""300""}}},""timing"":{""M"":{""session_duration_ms"":{""N"":""7802""},""time_to_first_action_ms"":{""N"":""270.1999999284744""},""idle_time_ratio"":{""N"":""0.4974621891883727""}}}}","1776912210751","1776912210741","false","0.11556535959243774","autoencoder","completed","0.23916950821876526"
"4dd00423-1dd4-4ece-9c8c-ae5cd0a80e5b","9e922e0b-c742-419a-a79b-62aa528a2d3c","{""interaction"":{""M"":{""interaction_rate"":{""N"":""0.0005326912627938484""},""click_count"":{""N"":""3""},""focus_changes"":{""N"":""2""},""mouse_keyboard_ratio"":{""N"":""4""},""scroll_count"":{""N"":""0""}}},""mouse"":{""M"":{""mean_speed"":{""N"":""0.784647127082948""},""direction_changes"":{""N"":""2""},""speed_std"":{""N"":""1.3734792888958829""},""total_distance"":{""N"":""993.2191061035239""},""total_moves"":{""N"":""76""},""max_speed"":{""N"":""6.391790523205791""},""movement_entropy"":{""N"":""4.809274778045983""},""normalized_distance"":{""N"":""0.5818506772721288""},""pause_count"":{""N"":""4""}}},""keyboard"":{""M"":{""interval_std_ms"":{""N"":""422.5765218448708""},""backspace_ratio"":{""N"":""0""},""max_interval_ms"":{""N"":""1978.7999999523163""},""mean_interval_ms"":{""N"":""335.53888889153797""},""paste_detected"":{""BOOL"":false},""total_keystrokes"":{""N"":""19""},""min_interval_ms"":{""N"":""95.60000002384186""}}},""environment"":{""M"":{""viewport_height"":{""N"":""917""},""device_pixel_ratio"":{""N"":""1.125""},""viewport_width"":{""N"":""1707""},""timezone_offset"":{""N"":""300""}}},""timing"":{""M"":{""session_duration_ms"":{""N"":""9386.300000071526""},""time_to_first_action_ms"":{""N"":""557.8999999761581""},""idle_time_ratio"":{""N"":""0.5630227033024102""}}}}","1776911884178","1776911884171","false","0.03418345749378204","autoencoder","completed","0.23916950821876526"
"0f47ef4f-30a1-4e58-bd0b-0d1e3fbdb2b9","9e922e0b-c742-419a-a79b-62aa528a2d3c","{""interaction"":{""M"":{""interaction_rate"":{""N"":""0.0006008604321405443""},""click_count"":{""N"":""3""},""focus_changes"":{""N"":""2""},""mouse_keyboard_ratio"":{""N"":""3.1052631578947367""},""scroll_count"":{""N"":""0""}}},""mouse"":{""M"":{""mean_speed"":{""N"":""0.7951108475846383""},""direction_changes"":{""N"":""0""},""speed_std"":{""N"":""1.025063095568667""},""total_distance"":{""N"":""756.5587817559559""},""total_moves"":{""N"":""59""},""max_speed"":{""N"":""3.9543633374752987""},""movement_entropy"":{""N"":""4.90526984710993""},""normalized_distance"":{""N"":""0.44320959681075334""},""pause_count"":{""N"":""2""}}},""keyboard"":{""M"":{""interval_std_ms"":{""N"":""377.26180158852793""},""backspace_ratio"":{""N"":""0""},""max_interval_ms"":{""N"":""1816.3999999761581""},""mean_interval_ms"":{""N"":""312.45000000132455""},""paste_detected"":{""BOOL"":false},""total_keystrokes"":{""N"":""19""},""min_interval_ms"":{""N"":""104.10000002384186""}}},""environment"":{""M"":{""viewport_height"":{""N"":""917""},""device_pixel_ratio"":{""N"":""1.125""},""viewport_width"":{""N"":""1707""},""timezone_offset"":{""N"":""300""}}},""timing"":{""M"":{""session_duration_ms"":{""N"":""8321.399999976158""},""time_to_first_action_ms"":{""N"":""488.7000000476837""},""idle_time_ratio"":{""N"":""0.5865719710527817""}}}}","1776909760146","1776909760134","false","0.016051428392529488","autoencoder","completed","0.23916950821876526"
"ad2e0bdf-e118-4bad-ac61-bfc446968d29","9e922e0b-c742-419a-a79b-62aa528a2d3c","{""interaction"":{""M"":{""interaction_rate"":{""N"":""0.0006536716737896505""},""click_count"":{""N"":""3""},""focus_changes"":{""N"":""2""},""mouse_keyboard_ratio"":{""N"":""2.8947368421052633""},""scroll_count"":{""N"":""0""}}},""mouse"":{""M"":{""mean_speed"":{""N"":""1.1366139126387411""},""direction_changes"":{""N"":""3""},""speed_std"":{""N"":""1.2336901239491""},""total_distance"":{""N"":""1027.7969621645702""},""total_moves"":{""N"":""55""},""max_speed"":{""N"":""5.040265976391452""},""movement_entropy"":{""N"":""4.976097624094945""},""normalized_distance"":{""N"":""0.6021071834590336""},""pause_count"":{""N"":""1""}}},""keyboard"":{""M"":{""interval_std_ms"":{""N"":""379.7923461081702""},""backspace_ratio"":{""N"":""0""},""max_interval_ms"":{""N"":""1823.7999999523163""},""mean_interval_ms"":{""N"":""286.62222222487134""},""paste_detected"":{""BOOL"":false},""total_keystrokes"":{""N"":""19""},""min_interval_ms"":{""N"":""80.60000002384186""}}},""environment"":{""M"":{""viewport_height"":{""N"":""917""},""device_pixel_ratio"":{""N"":""1.125""},""viewport_width"":{""N"":""1707""},""timezone_offset"":{""N"":""300""}}},""timing"":{""M"":{""session_duration_ms"":{""N"":""7649.100000023842""},""time_to_first_action_ms"":{""N"":""1005.2000000476837""},""idle_time_ratio"":{""N"":""0.4679896981236115""}}}}","1776911769093","1776911769084","false","0.02798960544168949","autoencoder","completed","0.23916950821876526"
"0d371d0f-5bb1-4c3f-9d76-486ee64fe2ff","9e922e0b-c742-419a-a79b-62aa528a2d3c","{""interaction"":{""M"":{""interaction_rate"":{""N"":""0.0006659829241935937""},""click_count"":{""N"":""3""},""focus_changes"":{""N"":""2""},""mouse_keyboard_ratio"":{""N"":""2.263157894736842""},""scroll_count"":{""N"":""0""}}},""mouse"":{""M"":{""mean_speed"":{""N"":""0.941304946038556""},""direction_changes"":{""N"":""0""},""speed_std"":{""N"":""1.039165705571695""},""total_distance"":{""N"":""678.4279267661759""},""total_moves"":{""N"":""43""},""max_speed"":{""N"":""3.862159389354867""},""movement_entropy"":{""N"":""4.600818295938748""},""normalized_distance"":{""N"":""0.39743873858592615""},""pause_count"":{""N"":""2""}}},""keyboard"":{""M"":{""interval_std_ms"":{""N"":""331.5874398264011""},""backspace_ratio"":{""N"":""0""},""max_interval_ms"":{""N"":""1616.1000000238419""},""mean_interval_ms"":{""N"":""266.6555555595292""},""paste_detected"":{""BOOL"":false},""total_keystrokes"":{""N"":""19""},""min_interval_ms"":{""N"":""103.40000009536743""}}},""environment"":{""M"":{""viewport_height"":{""N"":""917""},""device_pixel_ratio"":{""N"":""1.125""},""viewport_width"":{""N"":""1707""},""timezone_offset"":{""N"":""300""}}},""timing"":{""M"":{""session_duration_ms"":{""N"":""7507.700000047684""},""time_to_first_action_ms"":{""N"":""1054.2000000476837""},""idle_time_ratio"":{""N"":""0.45513273039390195""}}}}","1776909868624","1776909868617","false","0.014143448323011398","autoencoder","completed","0.23916950821876526"
"a58c87b4-c2ae-47f0-9d4b-d5433e5b10a2","9e922e0b-c742-419a-a79b-62aa528a2d3c","{""interaction"":{""M"":{""interaction_rate"":{""N"":""0.0008142217397204505""},""click_count"":{""N"":""3""},""focus_changes"":{""N"":""3""},""mouse_keyboard_ratio"":{""N"":""3.5555555555555554""},""scroll_count"":{""N"":""0""}}},""mouse"":{""M"":{""mean_speed"":{""N"":""0.7892156946653143""},""direction_changes"":{""N"":""2""},""speed_std"":{""N"":""0.7116980622352856""},""total_distance"":{""N"":""823.0324149461833""},""total_moves"":{""N"":""64""},""max_speed"":{""N"":""2.988664323140883""},""movement_entropy"":{""N"":""5.383863458288649""},""normalized_distance"":{""N"":""0.48215138544006053""},""pause_count"":{""N"":""4""}}},""keyboard"":{""M"":{""interval_std_ms"":{""N"":""333.6972226531285""},""backspace_ratio"":{""N"":""0""},""max_interval_ms"":{""N"":""1560.1000000238419""},""mean_interval_ms"":{""N"":""249.36470587814554""},""paste_detected"":{""BOOL"":false},""total_keystrokes"":{""N"":""18""},""min_interval_ms"":{""N"":""47.700000047683716""}}},""environment"":{""M"":{""viewport_height"":{""N"":""917""},""device_pixel_ratio"":{""N"":""1.125""},""viewport_width"":{""N"":""1707""},""timezone_offset"":{""N"":""300""}}},""timing"":{""M"":{""session_duration_ms"":{""N"":""7369""},""time_to_first_action_ms"":{""N"":""412.7999999523163""},""idle_time_ratio"":{""N"":""0.4369113855534063""}}}}","1776912361437","1776912361429","false","0.038700949400663376","autoencoder","completed","0.23916950821876526"
"309cddef-dbbf-454f-b537-8335e28a8fd8","9e922e0b-c742-419a-a79b-62aa528a2d3c","{""interaction"":{""M"":{""interaction_rate"":{""N"":""0.0005687699780470214""},""click_count"":{""N"":""3""},""focus_changes"":{""N"":""2""},""mouse_keyboard_ratio"":{""N"":""2.05""},""scroll_count"":{""N"":""0""}}},""mouse"":{""M"":{""mean_speed"":{""N"":""0.6080160746044605""},""direction_changes"":{""N"":""0""},""speed_std"":{""N"":""0.5335361806990706""},""total_distance"":{""N"":""421.39175771056495""},""total_moves"":{""N"":""41""},""max_speed"":{""N"":""2.2132011144423593""},""movement_entropy"":{""N"":""4.758359274256308""},""normalized_distance"":{""N"":""0.24686101799095778""},""pause_count"":{""N"":""2""}}},""keyboard"":{""M"":{""interval_std_ms"":{""N"":""341.4050990569706""},""backspace_ratio"":{""N"":""0""},""max_interval_ms"":{""N"":""1713""},""mean_interval_ms"":{""N"":""328.37894737093075""},""paste_detected"":{""BOOL"":false},""total_keystrokes"":{""N"":""20""},""min_interval_ms"":{""N"":""136.29999995231628""}}},""environment"":{""M"":{""viewport_height"":{""N"":""917""},""device_pixel_ratio"":{""N"":""1.125""},""viewport_width"":{""N"":""1707""},""timezone_offset"":{""N"":""300""}}},""timing"":{""M"":{""session_duration_ms"":{""N"":""8790.899999976158""},""time_to_first_action_ms"":{""N"":""553.6000000238419""},""idle_time_ratio"":{""N"":""0.5446541309913883""}}}}","1776909820860","1776909820854","false","0.012900182045996189","autoencoder","completed","0.23916950821876526"
"4e88b545-ef53-41a8-a57e-2d61803b7524","9e922e0b-c742-419a-a79b-62aa528a2d3c","{""interaction"":{""M"":{""interaction_rate"":{""N"":""0.0004093118444614991""},""click_count"":{""N"":""2""},""focus_changes"":{""N"":""2""},""mouse_keyboard_ratio"":{""N"":""0.8666666666666667""},""scroll_count"":{""N"":""0""}}},""mouse"":{""M"":{""mean_speed"":{""N"":""1.4114760926532708""},""direction_changes"":{""N"":""0""},""speed_std"":{""N"":""1.0623521810810344""},""total_distance"":{""N"":""592.2422614028328""},""total_moves"":{""N"":""26""},""max_speed"":{""N"":""4.406370375202328""},""movement_entropy"":{""N"":""4.261785453725868""},""normalized_distance"":{""N"":""0.34694918652772866""},""pause_count"":{""N"":""0""}}},""keyboard"":{""M"":{""interval_std_ms"":{""N"":""160.04485088673474""},""backspace_ratio"":{""N"":""0.16666666666666666""},""max_interval_ms"":{""N"":""760.1000000238419""},""mean_interval_ms"":{""N"":""246.88620689819598""},""paste_detected"":{""BOOL"":false},""total_keystrokes"":{""N"":""30""},""min_interval_ms"":{""N"":""79.29999995231628""}}},""environment"":{""M"":{""viewport_height"":{""N"":""917""},""device_pixel_ratio"":{""N"":""1.125""},""viewport_width"":{""N"":""1707""},""timezone_offset"":{""N"":""300""}}},""timing"":{""M"":{""session_duration_ms"":{""N"":""9772.5""},""time_to_first_action_ms"":{""N"":""1143.3000000715256""},""idle_time_ratio"":{""N"":""0.5945561524759811""}}}}","1776912328239","1776912328232","false","0.015354271046817303","autoencoder","completed","0.23916950821876526"
"5cc60107-216a-4f9e-b212-3806493e6c5e","9e922e0b-c742-419a-a79b-62aa528a2d3c","{""interaction"":{""M"":{""interaction_rate"":{""N"":""0.0006174669037812298""},""click_count"":{""N"":""3""},""focus_changes"":{""N"":""2""},""mouse_keyboard_ratio"":{""N"":""2.5789473684210527""},""scroll_count"":{""N"":""0""}}},""mouse"":{""M"":{""mean_speed"":{""N"":""0.4418081789569778""},""direction_changes"":{""N"":""0""},""speed_std"":{""N"":""0.46330327483773925""},""total_distance"":{""N"":""356.2169481834586""},""total_moves"":{""N"":""49""},""max_speed"":{""N"":""2.1836830041397985""},""movement_entropy"":{""N"":""4.94460037814813""},""normalized_distance"":{""N"":""0.20868011024221358""},""pause_count"":{""N"":""2""}}},""keyboard"":{""M"":{""interval_std_ms"":{""N"":""384.41056726500454""},""backspace_ratio"":{""N"":""0""},""max_interval_ms"":{""N"":""1847.8999999761581""},""mean_interval_ms"":{""N"":""292.4277777738041""},""paste_detected"":{""BOOL"":false},""total_keystrokes"":{""N"":""19""},""min_interval_ms"":{""N"":""71.60000002384186""}}},""environment"":{""M"":{""viewport_height"":{""N"":""917""},""device_pixel_ratio"":{""N"":""1.125""},""viewport_width"":{""N"":""1707""},""timezone_offset"":{""N"":""300""}}},""timing"":{""M"":{""session_duration_ms"":{""N"":""8097.599999904633""},""time_to_first_action_ms"":{""N"":""612.7999999523163""},""idle_time_ratio"":{""N"":""0.5229821181469602""}}}}","1776909805309","1776909805302","false","0.014314903877675533","autoencoder","completed","0.23916950821876526"
"7df01946-5294-4d96-bf3f-bc295919e8b3","9e922e0b-c742-419a-a79b-62aa528a2d3c","{""interaction"":{""M"":{""interaction_rate"":{""N"":""0.0005763356578871535""},""click_count"":{""N"":""3""},""focus_changes"":{""N"":""2""},""mouse_keyboard_ratio"":{""N"":""2.473684210526316""},""scroll_count"":{""N"":""0""}}},""mouse"":{""M"":{""mean_speed"":{""N"":""0.5645847802660797""},""direction_changes"":{""N"":""2""},""speed_std"":{""N"":""0.6112279085063358""},""total_distance"":{""N"":""424.2817300239989""},""total_moves"":{""N"":""47""},""max_speed"":{""N"":""3.075215734559999""},""movement_entropy"":{""N"":""4.815788514479745""},""normalized_distance"":{""N"":""0.24855403047685934""},""pause_count"":{""N"":""2""}}},""keyboard"":{""M"":{""interval_std_ms"":{""N"":""507.36106825994534""},""backspace_ratio"":{""N"":""0""},""max_interval_ms"":{""N"":""2376.100000023842""},""mean_interval_ms"":{""N"":""300.855555554231""},""paste_detected"":{""BOOL"":false},""total_keystrokes"":{""N"":""19""},""min_interval_ms"":{""N"":""79.40000009536743""}}},""environment"":{""M"":{""viewport_height"":{""N"":""917""},""device_pixel_ratio"":{""N"":""1.125""},""viewport_width"":{""N"":""1707""},""timezone_offset"":{""N"":""300""}}},""timing"":{""M"":{""session_duration_ms"":{""N"":""8675.5""},""time_to_first_action_ms"":{""N"":""1100""},""idle_time_ratio"":{""N"":""0.5643709296486534""}}}}","1776912119435","1776912119423","false","0.018137512728571892","autoencoder","completed","0.23916950821876526"
"a96e4dd8-bb19-4345-b38b-5b380fdd287c","9e922e0b-c742-419a-a79b-62aa528a2d3c","{""interaction"":{""M"":{""interaction_rate"":{""N"":""0.0004593512429287433""},""click_count"":{""N"":""3""},""focus_changes"":{""N"":""3""},""mouse_keyboard_ratio"":{""N"":""5.222222222222222""},""scroll_count"":{""N"":""0""}}},""mouse"":{""M"":{""mean_speed"":{""N"":""0.6609600354509658""},""direction_changes"":{""N"":""2""},""speed_std"":{""N"":""0.7480656093526764""},""total_distance"":{""N"":""1024.5877240236373""},""total_moves"":{""N"":""94""},""max_speed"":{""N"":""4.139106493279871""},""movement_entropy"":{""N"":""5.819575373671786""},""normalized_distance"":{""N"":""0.6002271376822714""},""pause_count"":{""N"":""2""}}},""keyboard"":{""M"":{""interval_std_ms"":{""N"":""360.9619895566109""},""backspace_ratio"":{""N"":""0""},""max_interval_ms"":{""N"":""1664.0999999046326""},""mean_interval_ms"":{""N"":""295.5176470630309""},""paste_detected"":{""BOOL"":false},""total_keystrokes"":{""N"":""18""},""min_interval_ms"":{""N"":""56.299999952316284""}}},""environment"":{""M"":{""viewport_height"":{""N"":""917""},""device_pixel_ratio"":{""N"":""1.125""},""viewport_width"":{""N"":""1707""},""timezone_offset"":{""N"":""300""}}},""timing"":{""M"":{""session_duration_ms"":{""N"":""13061.899999976158""},""time_to_first_action_ms"":{""N"":""1189.2999999523163""},""idle_time_ratio"":{""N"":""0.697854064089492""}}}}","1776910055321","1776910055315","false","0.01592659391462803","autoencoder","completed","0.23916950821876526"
"159f4084-4cec-46f0-b8bf-62c05f1f8997","9e922e0b-c742-419a-a79b-62aa528a2d3c","{""interaction"":{""M"":{""interaction_rate"":{""N"":""0.0005623980653506552""},""click_count"":{""N"":""3""},""focus_changes"":{""N"":""2""},""mouse_keyboard_ratio"":{""N"":""3.526315789473684""},""scroll_count"":{""N"":""0""}}},""mouse"":{""M"":{""mean_speed"":{""N"":""0.7558329471048701""},""direction_changes"":{""N"":""0""},""speed_std"":{""N"":""0.7943741719266821""},""total_distance"":{""N"":""815.2082769539759""},""total_moves"":{""N"":""67""},""max_speed"":{""N"":""3.662828937765807""},""movement_entropy"":{""N"":""5.329574676533908""},""normalized_distance"":{""N"":""0.47756782481193666""},""pause_count"":{""N"":""1""}}},""keyboard"":{""M"":{""interval_std_ms"":{""N"":""420.23388402769444""},""backspace_ratio"":{""N"":""0""},""max_interval_ms"":{""N"":""2000""},""mean_interval_ms"":{""N"":""296.4222222235468""},""paste_detected"":{""BOOL"":false},""total_keystrokes"":{""N"":""19""},""min_interval_ms"":{""N"":""88.5""}}},""environment"":{""M"":{""viewport_height"":{""N"":""917""},""device_pixel_ratio"":{""N"":""1.125""},""viewport_width"":{""N"":""1707""},""timezone_offset"":{""N"":""300""}}},""timing"":{""M"":{""session_duration_ms"":{""N"":""8890.5""},""time_to_first_action_ms"":{""N"":""1503.1000000238419""},""idle_time_ratio"":{""N"":""0.5572352511134179""}}}}","1776912613091","1776912613081","false","0.02195870876312256","autoencoder","completed","0.23916950821876526"
"84b154ac-5e4e-4044-a665-f613045c2eaa","9e922e0b-c742-419a-a79b-62aa528a2d3c","{""interaction"":{""M"":{""interaction_rate"":{""N"":""0.0006033837762152891""},""click_count"":{""N"":""3""},""focus_changes"":{""N"":""2""},""mouse_keyboard_ratio"":{""N"":""2.1578947368421053""},""scroll_count"":{""N"":""0""}}},""mouse"":{""M"":{""mean_speed"":{""N"":""1.1346683284217374""},""direction_changes"":{""N"":""1""},""speed_std"":{""N"":""1.6893212045484178""},""total_distance"":{""N"":""1170.1957899226588""},""total_moves"":{""N"":""41""},""max_speed"":{""N"":""7.627800179967798""},""movement_entropy"":{""N"":""4.186570859669541""},""normalized_distance"":{""N"":""0.6855277035282126""},""pause_count"":{""N"":""2""}}},""keyboard"":{""M"":{""interval_std_ms"":{""N"":""332.49373635162624""},""backspace_ratio"":{""N"":""0""},""max_interval_ms"":{""N"":""1552.2999999523163""},""mean_interval_ms"":{""N"":""281.31666666931574""},""paste_detected"":{""BOOL"":false},""total_keystrokes"":{""N"":""19""},""min_interval_ms"":{""N"":""48.199999928474426""}}},""environment"":{""M"":{""viewport_height"":{""N"":""917""},""device_pixel_ratio"":{""N"":""1.125""},""viewport_width"":{""N"":""1707""},""timezone_offset"":{""N"":""300""}}},""timing"":{""M"":{""session_duration_ms"":{""N"":""8286.600000023842""},""time_to_first_action_ms"":{""N"":""809""},""idle_time_ratio"":{""N"":""0.5528081480900464""}}}}","1776910016163","1776910016154","false","0.027011210098862648","autoencoder","completed","0.23916950821876526"
"7adde488-ae33-4d96-987c-9f583fd98695","9e922e0b-c742-419a-a79b-62aa528a2d3c","{""interaction"":{""M"":{""interaction_rate"":{""N"":""0.0007646331672287246""},""click_count"":{""N"":""3""},""focus_changes"":{""N"":""3""},""mouse_keyboard_ratio"":{""N"":""3.7222222222222223""},""scroll_count"":{""N"":""0""}}},""mouse"":{""M"":{""mean_speed"":{""N"":""0.7808079619538599""},""direction_changes"":{""N"":""1""},""speed_std"":{""N"":""1.3315339825389438""},""total_distance"":{""N"":""863.2255333454622""},""total_moves"":{""N"":""67""},""max_speed"":{""N"":""6.52790720350209""},""movement_entropy"":{""N"":""4.771767871967968""},""normalized_distance"":{""N"":""0.5056974419129832""},""pause_count"":{""N"":""3""}}},""keyboard"":{""M"":{""interval_std_ms"":{""N"":""325.94035372561655""},""backspace_ratio"":{""N"":""0""},""max_interval_ms"":{""N"":""1512.5""},""mean_interval_ms"":{""N"":""271.04117647339314""},""paste_detected"":{""BOOL"":false},""total_keystrokes"":{""N"":""18""},""min_interval_ms"":{""N"":""72.30000007152557""}}},""environment"":{""M"":{""viewport_height"":{""N"":""917""},""device_pixel_ratio"":{""N"":""1.125""},""viewport_width"":{""N"":""1707""},""timezone_offset"":{""N"":""300""}}},""timing"":{""M"":{""session_duration_ms"":{""N"":""7846.900000095367""},""time_to_first_action_ms"":{""N"":""420.2000000476837""},""idle_time_ratio"":{""N"":""0.47538518397652557""}}}}","1776912659324","1776912659318","false","0.020317820832133293","autoencoder","completed","0.23916950821876526"
"bfae644f-62c8-44cd-9458-f8fe5cf3c799","9e922e0b-c742-419a-a79b-62aa528a2d3c","{""interaction"":{""M"":{""interaction_rate"":{""N"":""0.0003811033704761308""},""click_count"":{""N"":""3""},""focus_changes"":{""N"":""2""},""mouse_keyboard_ratio"":{""N"":""1.4090909090909092""},""scroll_count"":{""N"":""0""}}},""mouse"":{""M"":{""mean_speed"":{""N"":""0.7358750137485932""},""direction_changes"":{""N"":""0""},""speed_std"":{""N"":""0.7862518314833027""},""total_distance"":{""N"":""751.4349801325577""},""total_moves"":{""N"":""62""},""max_speed"":{""N"":""3.409913407815654""},""movement_entropy"":{""N"":""5.189821021663467""},""normalized_distance"":{""N"":""0.44020795555510117""},""pause_count"":{""N"":""2""}}},""keyboard"":{""M"":{""interval_std_ms"":{""N"":""341.72289575676723""},""backspace_ratio"":{""N"":""0.36363636363636365""},""max_interval_ms"":{""N"":""1800.9000000953674""},""mean_interval_ms"":{""N"":""246.51395348615424""},""paste_detected"":{""BOOL"":false},""total_keystrokes"":{""N"":""44""},""min_interval_ms"":{""N"":""29.699999928474426""}}},""environment"":{""M"":{""viewport_height"":{""N"":""917""},""device_pixel_ratio"":{""N"":""1.125""},""viewport_width"":{""N"":""1707""},""timezone_offset"":{""N"":""300""}}},""timing"":{""M"":{""session_duration_ms"":{""N"":""13119.800000071526""},""time_to_first_action_ms"":{""N"":""468""},""idle_time_ratio"":{""N"":""0.5693303251542918""}}}}","1776910075432","1776910075426","false","0.029037291184067726","autoencoder","completed","0.23916950821876526"
"15eb3f30-0330-4b05-9824-ac647489a2b8","9e922e0b-c742-419a-a79b-62aa528a2d3c","{""interaction"":{""M"":{""interaction_rate"":{""N"":""0.0005429765977121533""},""click_count"":{""N"":""2""},""focus_changes"":{""N"":""2""},""mouse_keyboard_ratio"":{""N"":""1.5384615384615385""},""scroll_count"":{""N"":""0""}}},""mouse"":{""M"":{""mean_speed"":{""N"":""0.6378038595213741""},""direction_changes"":{""N"":""2""},""speed_std"":{""N"":""0.5389719910080653""},""total_distance"":{""N"":""416.1034245451088""},""total_moves"":{""N"":""40""},""max_speed"":{""N"":""2.300226875254933""},""movement_entropy"":{""N"":""4.787893261336221""},""normalized_distance"":{""N"":""0.24376299036034493""},""pause_count"":{""N"":""1""}}},""keyboard"":{""M"":{""interval_std_ms"":{""N"":""93.9923826701617""},""backspace_ratio"":{""N"":""0.11538461538461539""},""max_interval_ms"":{""N"":""488.3000000715256""},""mean_interval_ms"":{""N"":""201.26""},""paste_detected"":{""BOOL"":false},""total_keystrokes"":{""N"":""26""},""min_interval_ms"":{""N"":""79.69999992847443""}}},""environment"":{""M"":{""viewport_height"":{""N"":""917""},""device_pixel_ratio"":{""N"":""1.125""},""viewport_width"":{""N"":""1707""},""timezone_offset"":{""N"":""300""}}},""timing"":{""M"":{""session_duration_ms"":{""N"":""7366.799999952316""},""time_to_first_action_ms"":{""N"":""452.60000002384186""},""idle_time_ratio"":{""N"":""0.37461312915066625""}}}}","1776912473719","1776912473712","false","0.042387332767248154","autoencoder","completed","0.23916950821876526"
"6f75a8a2-5a9e-43c6-9869-987d89653b82","9e922e0b-c742-419a-a79b-62aa528a2d3c","{""interaction"":{""M"":{""interaction_rate"":{""N"":""0.00043601102235773874""},""click_count"":{""N"":""3""},""focus_changes"":{""N"":""2""},""mouse_keyboard_ratio"":{""N"":""2.789473684210526""},""scroll_count"":{""N"":""0""}}},""mouse"":{""M"":{""mean_speed"":{""N"":""0.6715878912376863""},""direction_changes"":{""N"":""0""},""speed_std"":{""N"":""0.7877814316266641""},""total_distance"":{""N"":""584.0563091428058""},""total_moves"":{""N"":""53""},""max_speed"":{""N"":""3.08555686335948""},""movement_entropy"":{""N"":""4.7731300353053046""},""normalized_distance"":{""N"":""0.3421536667503256""},""pause_count"":{""N"":""3""}}},""keyboard"":{""M"":{""interval_std_ms"":{""N"":""501.47714789861305""},""backspace_ratio"":{""N"":""0""},""max_interval_ms"":{""N"":""2399.7999999523163""},""mean_interval_ms"":{""N"":""360.4111111097866""},""paste_detected"":{""BOOL"":false},""total_keystrokes"":{""N"":""19""},""min_interval_ms"":{""N"":""119.60000002384186""}}},""environment"":{""M"":{""viewport_height"":{""N"":""917""},""device_pixel_ratio"":{""N"":""1.125""},""viewport_width"":{""N"":""1707""},""timezone_offset"":{""N"":""300""}}},""timing"":{""M"":{""session_duration_ms"":{""N"":""11467.600000023842""},""time_to_first_action_ms"":{""N"":""2416.7999999523163""},""idle_time_ratio"":{""N"":""0.6420436708460321""}}}}","1776909681650","1776909681636","false","0.02406921423971653","autoencoder","completed","0.23916950821876526"
"e24582cc-51b7-4fa7-a737-748f80928374","9e922e0b-c742-419a-a79b-62aa528a2d3c","{""interaction"":{""M"":{""interaction_rate"":{""N"":""0.0005747721028596403""},""click_count"":{""N"":""3""},""focus_changes"":{""N"":""2""},""mouse_keyboard_ratio"":{""N"":""3.0526315789473686""},""scroll_count"":{""N"":""0""}}},""mouse"":{""M"":{""mean_speed"":{""N"":""0.31241444738988966""},""direction_changes"":{""N"":""0""},""speed_std"":{""N"":""0.42202017471990416""},""total_distance"":{""N"":""308.7020222771648""},""total_moves"":{""N"":""58""},""max_speed"":{""N"":""1.4405896150308743""},""movement_entropy"":{""N"":""4.8081258131971865""},""normalized_distance"":{""N"":""0.18084476993389853""},""pause_count"":{""N"":""4""}}},""keyboard"":{""M"":{""interval_std_ms"":{""N"":""629.7264296223572""},""backspace_ratio"":{""N"":""0""},""max_interval_ms"":{""N"":""2928.899999976158""},""mean_interval_ms"":{""N"":""341.77777777777777""},""paste_detected"":{""BOOL"":false},""total_keystrokes"":{""N"":""19""},""min_interval_ms"":{""N"":""103.60000002384186""}}},""environment"":{""M"":{""viewport_height"":{""N"":""917""},""device_pixel_ratio"":{""N"":""1.125""},""viewport_width"":{""N"":""1707""},""timezone_offset"":{""N"":""300""}}},""timing"":{""M"":{""session_duration_ms"":{""N"":""8699.100000023842""},""time_to_first_action_ms"":{""N"":""536.6000000238419""},""idle_time_ratio"":{""N"":""0.4874067432112713""}}}}","1776912630538","1776912630528","false","0.04382159188389778","autoencoder","completed","0.23916950821876526"
"140526d2-1985-464b-870c-8106efef89cb","9e922e0b-c742-419a-a79b-62aa528a2d3c","{""interaction"":{""M"":{""interaction_rate"":{""N"":""0.0006047046018020197""},""click_count"":{""N"":""3""},""focus_changes"":{""N"":""2""},""mouse_keyboard_ratio"":{""N"":""3.0526315789473686""},""scroll_count"":{""N"":""0""}}},""mouse"":{""M"":{""mean_speed"":{""N"":""1.0886130187039933""},""direction_changes"":{""N"":""1""},""speed_std"":{""N"":""1.4461681028055082""},""total_distance"":{""N"":""988.9517636904554""},""total_moves"":{""N"":""58""},""max_speed"":{""N"":""5.763982817551065""},""movement_entropy"":{""N"":""4.838109986077596""},""normalized_distance"":{""N"":""0.5793507695901906""},""pause_count"":{""N"":""1""}}},""keyboard"":{""M"":{""interval_std_ms"":{""N"":""468.4766675525581""},""backspace_ratio"":{""N"":""0""},""max_interval_ms"":{""N"":""2056.3000000715256""},""mean_interval_ms"":{""N"":""350.644444445769""},""paste_detected"":{""BOOL"":false},""total_keystrokes"":{""N"":""19""},""min_interval_ms"":{""N"":""79.80000007152557""}}},""environment"":{""M"":{""viewport_height"":{""N"":""917""},""device_pixel_ratio"":{""N"":""1.125""},""viewport_width"":{""N"":""1707""},""timezone_offset"":{""N"":""300""}}},""timing"":{""M"":{""session_duration_ms"":{""N"":""8268.5""},""time_to_first_action_ms"":{""N"":""561.6000000238419""},""idle_time_ratio"":{""N"":""0.544318800271837""}}}}","1776910912035","1776910912025","false","0.016981763765215874","autoencoder","completed","0.23916950821876526"
"97b901ba-00fe-428b-8198-e3d874142b4d","9e922e0b-c742-419a-a79b-62aa528a2d3c","{""interaction"":{""M"":{""interaction_rate"":{""N"":""0.00044250920418957974""},""click_count"":{""N"":""3""},""focus_changes"":{""N"":""2""},""mouse_keyboard_ratio"":{""N"":""3.3684210526315788""},""scroll_count"":{""N"":""0""}}},""mouse"":{""M"":{""mean_speed"":{""N"":""0.723715122665343""},""direction_changes"":{""N"":""0""},""speed_std"":{""N"":""0.7311434769149869""},""total_distance"":{""N"":""729.4606209351756""},""total_moves"":{""N"":""64""},""max_speed"":{""N"":""3.082095727426786""},""movement_entropy"":{""N"":""5.2954407279031805""},""normalized_distance"":{""N"":""0.42733486873765414""},""pause_count"":{""N"":""2""}}},""keyboard"":{""M"":{""interval_std_ms"":{""N"":""358.1651003751135""},""backspace_ratio"":{""N"":""0""},""max_interval_ms"":{""N"":""1688.2999999523163""},""mean_interval_ms"":{""N"":""286.144444445769""},""paste_detected"":{""BOOL"":false},""total_keystrokes"":{""N"":""19""},""min_interval_ms"":{""N"":""63.5""}}},""environment"":{""M"":{""viewport_height"":{""N"":""917""},""device_pixel_ratio"":{""N"":""1.125""},""viewport_width"":{""N"":""1707""},""timezone_offset"":{""N"":""300""}}},""timing"":{""M"":{""session_duration_ms"":{""N"":""11299.200000047684""},""time_to_first_action_ms"":{""N"":""304.60000002384186""},""idle_time_ratio"":{""N"":""0.6664454120680886""}}}}","1776909983163","1776909983150","false","0.0198453888297081","autoencoder","completed","0.23916950821876526"
"bcae6108-2595-4446-967f-79f88cb7821e","9e922e0b-c742-419a-a79b-62aa528a2d3c","{""interaction"":{""M"":{""interaction_rate"":{""N"":""0.0003716704521990502""},""click_count"":{""N"":""6""},""focus_changes"":{""N"":""3""},""mouse_keyboard_ratio"":{""N"":""3.7083333333333335""},""scroll_count"":{""N"":""0""}}},""mouse"":{""M"":{""mean_speed"":{""N"":""0.7698806435232505""},""direction_changes"":{""N"":""0""},""speed_std"":{""N"":""0.622840297683797""},""total_distance"":{""N"":""1109.3592855591262""},""total_moves"":{""N"":""89""},""max_speed"":{""N"":""2.5321462647095156""},""movement_entropy"":{""N"":""5.9409819072573615""},""normalized_distance"":{""N"":""0.6498882750785743""},""pause_count"":{""N"":""2""}}},""keyboard"":{""M"":{""interval_std_ms"":{""N"":""1799.8460996871484""},""backspace_ratio"":{""N"":""0.125""},""max_interval_ms"":{""N"":""8592.800000071526""},""mean_interval_ms"":{""N"":""690.7478260890297""},""paste_detected"":{""BOOL"":false},""total_keystrokes"":{""N"":""24""},""min_interval_ms"":{""N"":""14.899999976158142""}}},""environment"":{""M"":{""viewport_height"":{""N"":""917""},""device_pixel_ratio"":{""N"":""1.125""},""viewport_width"":{""N"":""1707""},""timezone_offset"":{""N"":""300""}}},""timing"":{""M"":{""session_duration_ms"":{""N"":""24215""},""time_to_first_action_ms"":{""N"":""2065.7999999523163""},""idle_time_ratio"":{""N"":""0.7922733842698892""}}}}","1776909898968","1776909898961","false","0.12964050471782684","autoencoder","completed","0.23916950821876526"
"9a942b83-3918-4547-8ef5-04fce9cfad7b","9e922e0b-c742-419a-a79b-62aa528a2d3c","{""interaction"":{""M"":{""interaction_rate"":{""N"":""0.0005443361820189549""},""click_count"":{""N"":""2""},""focus_changes"":{""N"":""2""},""mouse_keyboard_ratio"":{""N"":""1.55""},""scroll_count"":{""N"":""0""}}},""mouse"":{""M"":{""mean_speed"":{""N"":""1.6657541700719076""},""direction_changes"":{""N"":""0""},""speed_std"":{""N"":""2.0728736742013787""},""total_distance"":{""N"":""821.1135659171781""},""total_moves"":{""N"":""31""},""max_speed"":{""N"":""6.479138735536171""},""movement_entropy"":{""N"":""3.8168321627535016""},""normalized_distance"":{""N"":""0.48102727938909084""},""pause_count"":{""N"":""0""}}},""keyboard"":{""M"":{""interval_std_ms"":{""N"":""150.29710005426205""},""backspace_ratio"":{""N"":""0""},""max_interval_ms"":{""N"":""647.9000000953674""},""mean_interval_ms"":{""N"":""246.2473684235623""},""paste_detected"":{""BOOL"":false},""total_keystrokes"":{""N"":""20""},""min_interval_ms"":{""N"":""63.10000002384186""}}},""environment"":{""M"":{""viewport_height"":{""N"":""917""},""device_pixel_ratio"":{""N"":""1.125""},""viewport_width"":{""N"":""1707""},""timezone_offset"":{""N"":""300""}}},""timing"":{""M"":{""session_duration_ms"":{""N"":""7348.400000095367""},""time_to_first_action_ms"":{""N"":""1020.8000000715256""},""idle_time_ratio"":{""N"":""0.5279652713512238""}}}}","1776911895963","1776911895957","false","0.016584930941462517","autoencoder","completed","0.23916950821876526"
"194c0f91-4d8d-4fdf-b9e6-13a4401bb165","9e922e0b-c742-419a-a79b-62aa528a2d3c","{""interaction"":{""M"":{""interaction_rate"":{""N"":""0.0006377042646472698""},""click_count"":{""N"":""2""},""focus_changes"":{""N"":""2""},""mouse_keyboard_ratio"":{""N"":""1.75""},""scroll_count"":{""N"":""0""}}},""mouse"":{""M"":{""mean_speed"":{""N"":""1.502695318356698""},""direction_changes"":{""N"":""2""},""speed_std"":{""N"":""1.8359196080041835""},""total_distance"":{""N"":""839.5917297143483""},""total_moves"":{""N"":""35""},""max_speed"":{""N"":""7.1737681740921""},""movement_entropy"":{""N"":""4.248486654085397""},""normalized_distance"":{""N"":""0.4918522142439064""},""pause_count"":{""N"":""0""}}},""keyboard"":{""M"":{""interval_std_ms"":{""N"":""107.4021229448864""},""backspace_ratio"":{""N"":""0""},""max_interval_ms"":{""N"":""488.60000002384186""},""mean_interval_ms"":{""N"":""202.23684210526315""},""paste_detected"":{""BOOL"":false},""total_keystrokes"":{""N"":""20""},""min_interval_ms"":{""N"":""88""}}},""environment"":{""M"":{""viewport_height"":{""N"":""917""},""device_pixel_ratio"":{""N"":""1.125""},""viewport_width"":{""N"":""1707""},""timezone_offset"":{""N"":""300""}}},""timing"":{""M"":{""session_duration_ms"":{""N"":""6272.5""},""time_to_first_action_ms"":{""N"":""984.2999999523163""},""idle_time_ratio"":{""N"":""0.470354722989608""}}}}","1776912371502","1776912371494","false","0.022420460358262062","autoencoder","completed","0.23916950821876526"
"131945a7-93bf-4681-ba4f-3c5ff7e43ecc","9e922e0b-c742-419a-a79b-62aa528a2d3c","{""interaction"":{""M"":{""interaction_rate"":{""N"":""0.0006481441472550117""},""click_count"":{""N"":""3""},""focus_changes"":{""N"":""3""},""mouse_keyboard_ratio"":{""N"":""3.611111111111111""},""scroll_count"":{""N"":""0""}}},""mouse"":{""M"":{""mean_speed"":{""N"":""0.5159530468916257""},""direction_changes"":{""N"":""0""},""speed_std"":{""N"":""0.5209528234635121""},""total_distance"":{""N"":""536.5168969874804""},""total_moves"":{""N"":""65""},""max_speed"":{""N"":""2.2023809430043713""},""movement_entropy"":{""N"":""5.3497677117463756""},""normalized_distance"":{""N"":""0.31430398183215025""},""pause_count"":{""N"":""3""}}},""keyboard"":{""M"":{""interval_std_ms"":{""N"":""325.42203163854913""},""backspace_ratio"":{""N"":""0""},""max_interval_ms"":{""N"":""1510.6999999284744""},""mean_interval_ms"":{""N"":""306.3117647030774""},""paste_detected"":{""BOOL"":false},""total_keystrokes"":{""N"":""18""},""min_interval_ms"":{""N"":""95.89999997615814""}}},""environment"":{""M"":{""viewport_height"":{""N"":""917""},""device_pixel_ratio"":{""N"":""1.125""},""viewport_width"":{""N"":""1707""},""timezone_offset"":{""N"":""300""}}},""timing"":{""M"":{""session_duration_ms"":{""N"":""9257.200000047684""},""time_to_first_action_ms"":{""N"":""744.5""},""idle_time_ratio"":{""N"":""0.542961154565704""}}}}","1776910173056","1776910173049","false","0.0259848739951849","autoencoder","completed","0.23916950821876526"
"5ff26689-f6e7-4f1c-9191-432134029eaa","9e922e0b-c742-419a-a79b-62aa528a2d3c","{""interaction"":{""M"":{""interaction_rate"":{""N"":""0.0006493928177129225""},""click_count"":{""N"":""2""},""focus_changes"":{""N"":""2""},""mouse_keyboard_ratio"":{""N"":""1.6""},""scroll_count"":{""N"":""0""}}},""mouse"":{""M"":{""mean_speed"":{""N"":""0.761109934911607""},""direction_changes"":{""N"":""1""},""speed_std"":{""N"":""0.792241827718253""},""total_distance"":{""N"":""389.30074964929815""},""total_moves"":{""N"":""32""},""max_speed"":{""N"":""3.2710180460450355""},""movement_entropy"":{""N"":""4.227974114043708""},""normalized_distance"":{""N"":""0.2280613647623305""},""pause_count"":{""N"":""1""}}},""keyboard"":{""M"":{""interval_std_ms"":{""N"":""117.5561512548392""},""backspace_ratio"":{""N"":""0""},""max_interval_ms"":{""N"":""528.3000000715256""},""mean_interval_ms"":{""N"":""209.18421052631578""},""paste_detected"":{""BOOL"":false},""total_keystrokes"":{""N"":""20""},""min_interval_ms"":{""N"":""39.800000071525574""}}},""environment"":{""M"":{""viewport_height"":{""N"":""917""},""device_pixel_ratio"":{""N"":""1.125""},""viewport_width"":{""N"":""1707""},""timezone_offset"":{""N"":""300""}}},""timing"":{""M"":{""session_duration_ms"":{""N"":""6159.600000023842""},""time_to_first_action_ms"":{""N"":""343.10000002384186""},""idle_time_ratio"":{""N"":""0.4944314565861763""}}}}","1776912492362","1776912492354","false","0.015169120393693447","autoencoder","completed","0.23916950821876526"
"27089893-a9e4-48f4-9fc8-75520d46d1e8","9e922e0b-c742-419a-a79b-62aa528a2d3c","{""interaction"":{""M"":{""interaction_rate"":{""N"":""0.0005696123218552934""},""click_count"":{""N"":""3""},""focus_changes"":{""N"":""2""},""mouse_keyboard_ratio"":{""N"":""1.9655172413793103""},""scroll_count"":{""N"":""0""}}},""mouse"":{""M"":{""mean_speed"":{""N"":""0.9518556080980901""},""direction_changes"":{""N"":""3""},""speed_std"":{""N"":""1.2937593907644382""},""total_distance"":{""N"":""879.0746968453138""},""total_moves"":{""N"":""57""},""max_speed"":{""N"":""5.896567926766202""},""movement_entropy"":{""N"":""4.831109637529319""},""normalized_distance"":{""N"":""0.5149822477125447""},""pause_count"":{""N"":""3""}}},""keyboard"":{""M"":{""interval_std_ms"":{""N"":""248.17169613152177""},""backspace_ratio"":{""N"":""0.1724137931034483""},""max_interval_ms"":{""N"":""1327.4000000953674""},""mean_interval_ms"":{""N"":""231.13214285458838""},""paste_detected"":{""BOOL"":false},""total_keystrokes"":{""N"":""29""},""min_interval_ms"":{""N"":""43.40000009536743""}}},""environment"":{""M"":{""viewport_height"":{""N"":""917""},""device_pixel_ratio"":{""N"":""1.125""},""viewport_width"":{""N"":""1707""},""timezone_offset"":{""N"":""300""}}},""timing"":{""M"":{""session_duration_ms"":{""N"":""8777.899999976158""},""time_to_first_action_ms"":{""N"":""426""},""idle_time_ratio"":{""N"":""0.4050057531018475""}}}}","1776912183990","1776912183979","false","0.08980896323919296","autoencoder","completed","0.23916950821876526"
"5de257df-625e-4c95-aecd-18c88d8174c0","9e922e0b-c742-419a-a79b-62aa528a2d3c","{""interaction"":{""M"":{""interaction_rate"":{""N"":""0.0006448284756254836""},""click_count"":{""N"":""3""},""focus_changes"":{""N"":""2""},""mouse_keyboard_ratio"":{""N"":""2.3684210526315788""},""scroll_count"":{""N"":""0""}}},""mouse"":{""M"":{""mean_speed"":{""N"":""0.6697159955439541""},""direction_changes"":{""N"":""5""},""speed_std"":{""N"":""0.6057757287720201""},""total_distance"":{""N"":""492.0106776134133""},""total_moves"":{""N"":""45""},""max_speed"":{""N"":""2.060557994207627""},""movement_entropy"":{""N"":""4.835073643964175""},""normalized_distance"":{""N"":""0.288231211255661""},""pause_count"":{""N"":""3""}}},""keyboard"":{""M"":{""interval_std_ms"":{""N"":""307.3236860802417""},""backspace_ratio"":{""N"":""0""},""max_interval_ms"":{""N"":""1512.1000000238419""},""mean_interval_ms"":{""N"":""280.85555556085376""},""paste_detected"":{""BOOL"":false},""total_keystrokes"":{""N"":""19""},""min_interval_ms"":{""N"":""79.39999997615814""}}},""environment"":{""M"":{""viewport_height"":{""N"":""917""},""device_pixel_ratio"":{""N"":""1.125""},""viewport_width"":{""N"":""1707""},""timezone_offset"":{""N"":""300""}}},""timing"":{""M"":{""session_duration_ms"":{""N"":""7754""},""time_to_first_action_ms"":{""N"":""459.09999990463257""},""idle_time_ratio"":{""N"":""0.43536239358177803""}}}}","1776911835702","1776911835691","false","0.08356543630361557","autoencoder","completed","0.23916950821876526"
"3a70a130-2623-4b2a-9812-759d196ef070","9e922e0b-c742-419a-a79b-62aa528a2d3c","{""interaction"":{""M"":{""interaction_rate"":{""N"":""0.0005377789728421619""},""click_count"":{""N"":""3""},""focus_changes"":{""N"":""2""},""mouse_keyboard_ratio"":{""N"":""2.210526315789474""},""scroll_count"":{""N"":""0""}}},""mouse"":{""M"":{""mean_speed"":{""N"":""0.4962186946112155""},""direction_changes"":{""N"":""0""},""speed_std"":{""N"":""0.4298516134682748""},""total_distance"":{""N"":""352.6961911875881""},""total_moves"":{""N"":""42""},""max_speed"":{""N"":""1.8585061800345477""},""movement_entropy"":{""N"":""4.8278733849801405""},""normalized_distance"":{""N"":""0.2066175695299286""},""pause_count"":{""N"":""2""}}},""keyboard"":{""M"":{""interval_std_ms"":{""N"":""459.40481287640824""},""backspace_ratio"":{""N"":""0""},""max_interval_ms"":{""N"":""1887.8999999761581""},""mean_interval_ms"":{""N"":""364.8888888888889""},""paste_detected"":{""BOOL"":false},""total_keystrokes"":{""N"":""19""},""min_interval_ms"":{""N"":""71.89999997615814""}}},""environment"":{""M"":{""viewport_height"":{""N"":""917""},""device_pixel_ratio"":{""N"":""1.125""},""viewport_width"":{""N"":""1707""},""timezone_offset"":{""N"":""300""}}},""timing"":{""M"":{""session_duration_ms"":{""N"":""9297.5""},""time_to_first_action_ms"":{""N"":""800.6000000238419""},""idle_time_ratio"":{""N"":""0.5706695348160599""}}}}","1776910929873","1776910929867","false","0.013830694369971752","autoencoder","completed","0.23916950821876526"
"914b699e-dcc0-40c9-a18f-7d34ab17c176","9e922e0b-c742-419a-a79b-62aa528a2d3c","{""interaction"":{""M"":{""interaction_rate"":{""N"":""0.0007212665440575558""},""click_count"":{""N"":""4""},""focus_changes"":{""N"":""2""},""mouse_keyboard_ratio"":{""N"":""2.5789473684210527""},""scroll_count"":{""N"":""0""}}},""mouse"":{""M"":{""mean_speed"":{""N"":""0.6538831578192481""},""direction_changes"":{""N"":""2""},""speed_std"":{""N"":""0.777311371006503""},""total_distance"":{""N"":""529.5444948913467""},""total_moves"":{""N"":""49""},""max_speed"":{""N"":""3.26296907441985""},""movement_entropy"":{""N"":""4.7877934689046695""},""normalized_distance"":{""N"":""0.3102193877512283""},""pause_count"":{""N"":""3""}}},""keyboard"":{""M"":{""interval_std_ms"":{""N"":""622.7488750712516""},""backspace_ratio"":{""N"":""0""},""max_interval_ms"":{""N"":""2880.2000000476837""},""mean_interval_ms"":{""N"":""326.45000000132455""},""paste_detected"":{""BOOL"":false},""total_keystrokes"":{""N"":""19""},""min_interval_ms"":{""N"":""72""}}},""environment"":{""M"":{""viewport_height"":{""N"":""917""},""device_pixel_ratio"":{""N"":""1.125""},""viewport_width"":{""N"":""1707""},""timezone_offset"":{""N"":""300""}}},""timing"":{""M"":{""session_duration_ms"":{""N"":""8318.699999928474""},""time_to_first_action_ms"":{""N"":""340.1999999284744""},""idle_time_ratio"":{""N"":""0.5045139264563265""}}}}","1776912300279","1776912300271","false","0.03856929391622543","autoencoder","completed","0.23916950821876526"
"202b386c-d855-42bc-9534-481983b4654e","9e922e0b-c742-419a-a79b-62aa528a2d3c","{""interaction"":{""M"":{""interaction_rate"":{""N"":""0.0005797941730685607""},""click_count"":{""N"":""2""},""focus_changes"":{""N"":""2""},""mouse_keyboard_ratio"":{""N"":""1.8""},""scroll_count"":{""N"":""0""}}},""mouse"":{""M"":{""mean_speed"":{""N"":""1.121856530832859""},""direction_changes"":{""N"":""0""},""speed_std"":{""N"":""0.8098169977538676""},""total_distance"":{""N"":""642.9923241015803""},""total_moves"":{""N"":""36""},""max_speed"":{""N"":""2.750051150862568""},""movement_entropy"":{""N"":""4.7269378200680885""},""normalized_distance"":{""N"":""0.3766797446406446""},""pause_count"":{""N"":""0""}}},""keyboard"":{""M"":{""interval_std_ms"":{""N"":""131.13290756262631""},""backspace_ratio"":{""N"":""0""},""max_interval_ms"":{""N"":""584.5""},""mean_interval_ms"":{""N"":""211.79473684336008""},""paste_detected"":{""BOOL"":false},""total_keystrokes"":{""N"":""20""},""min_interval_ms"":{""N"":""88.29999995231628""}}},""environment"":{""M"":{""viewport_height"":{""N"":""917""},""device_pixel_ratio"":{""N"":""1.125""},""viewport_width"":{""N"":""1707""},""timezone_offset"":{""N"":""300""}}},""timing"":{""M"":{""session_duration_ms"":{""N"":""6899""},""time_to_first_action_ms"":{""N"":""1306.1999999284744""},""idle_time_ratio"":{""N"":""0.5208580953726857""}}}}","1776911906409","1776911906403","false","0.02315535582602024","autoencoder","completed","0.23916950821876526"